{"Total Edges": 1382673, "Cross-Instance Edges": 1113371, "Cross-Instance Edge Ratio": 0.8052308825007792, "Nodes Involved in Cross-Instance Interactions": 135007, "Node Interaction Percentage": 86.91736196950968}