{"favorite": {"Nodes": 134924, "Edges": 1033121, "Density": 5.675132326327897e-05, "Average Degree": 15.314117577302778, "Clustering Coefficient": 0.040385299332804867, "Average Shortest Path Length": "Not computable: Graph is not strongly connected."}, "reply": {"Nodes": 15084, "Edges": 18895, "Density": 8.30505745869057e-05, "Average Degree": 2.505303632988597, "Clustering Coefficient": 0.012267627623913615, "Average Shortest Path Length": "Not computable: Graph is not strongly connected."}, "boost": {"Nodes": 70052, "Edges": 330657, "Density": 6.738183638021806e-05, "Average Degree": 9.440330040541312, "Clustering Coefficient": 0.015468045072243603, "Average Shortest Path Length": "Not computable: Graph is not strongly connected."}}