{"Nodes": 155328, "Edges": 1382673, "Density": 5.730899303843561e-05, "Average Degree": 17.803267923362174, "Clustering Coefficient": 0.04863241252056752, "Average Shortest Path Length": "Not computable: Graph is not strongly connected."}